id,name,model_id:id,group_id:id,perm_read,perm_write,perm_create,perm_unlink
access_estate_property_user,estate.property.user,model_estate_property,primetech_estate_management.group_estate_user,1,0,0,0
access_estate_property_manager,estate.property.manager,model_estate_property,primetech_estate_management.group_estate_manager,1,1,1,0
access_estate_property_responsible,estate.property.responsible,model_estate_property,primetech_estate_management.group_estate_responsible,1,1,1,1
access_estate_property_type_manager,estate.property.type.manager,model_estate_property_type,primetech_estate_management.group_estate_manager,1,1,1,0
access_estate_property_type_responsible,estate.property.type.responsible,model_estate_property_type,primetech_estate_management.group_estate_responsible,1,1,1,1
access_estate_unit_user,estate.unit.user,model_estate_unit,primetech_estate_management.group_estate_user,1,0,0,0
access_estate_unit_manager,estate.unit.manager,model_estate_unit,primetech_estate_management.group_estate_manager,1,1,1,0
access_estate_unit_responsible,estate.unit.responsible,model_estate_unit,primetech_estate_management.group_estate_responsible,1,1,1,1
access_estate_unit_type_manager,estate.unit.type.manager,model_estate_unit_type,primetech_estate_management.group_estate_manager,1,1,1,0
access_estate_unit_type_responsible,estate.unit.type.responsible,model_estate_unit_type,primetech_estate_management.group_estate_responsible,1,1,1,1
access_estate_lease_user,estate.lease.user,model_estate_lease,primetech_estate_management.group_estate_user,1,0,0,0
access_estate_lease_manager,estate.lease.manager,model_estate_lease,primetech_estate_management.group_estate_manager,1,1,1,0
access_estate_lease_responsible,estate.lease.responsible,model_estate_lease,primetech_estate_management.group_estate_responsible,1,1,1,1
access_estate_schedule_user,estate.schedule.user,model_estate_rent_schedule,primetech_estate_management.group_estate_user,1,0,0,0
access_estate_schedule_manager,estate.schedule.manager,model_estate_rent_schedule,primetech_estate_management.group_estate_manager,1,1,1,0
access_estate_schedule_responsible,estate.schedule.responsible,model_estate_rent_schedule,primetech_estate_management.group_estate_responsible,1,1,1,1
access_estate_deposit_user,estate.deposit.user,model_estate_deposit,primetech_estate_management.group_estate_user,1,0,0,0
access_estate_deposit_manager,estate.deposit.manager,model_estate_deposit,primetech_estate_management.group_estate_manager,1,1,1,0
access_estate_deposit_responsible,estate.deposit.responsible,model_estate_deposit,primetech_estate_management.group_estate_responsible,1,1,1,1
access_estate_charge_user,estate.charge.user,model_estate_charge,primetech_estate_management.group_estate_user,1,0,0,0
access_estate_charge_manager,estate.charge.manager,model_estate_charge,primetech_estate_management.group_estate_manager,1,1,1,0
access_estate_charge_responsible,estate.charge.responsible,model_estate_charge,primetech_estate_management.group_estate_responsible,1,1,1,1
access_estate_deposit_payment_user,estate.deposit.payment.user,model_estate_deposit_payment,primetech_estate_management.group_estate_user,1,0,0,0
access_estate_deposit_payment_manager,estate.deposit.payment.manager,model_estate_deposit_payment,primetech_estate_management.group_estate_manager,1,1,1,0
access_estate_deposit_payment_responsible,estate.deposit.payment.responsible,model_estate_deposit_payment,primetech_estate_management.group_estate_responsible,1,1,1,1
